DJ Shane Marcus,https://bosphilly.com/dj/dj-shane-marcus/,https://bosphilly.com/wp-content/uploads/2022/02/70772810_489497088559725_2477605361335402496_n-768x769.jpg
DJ James Anthony,https://bosphilly.com/dj/dj-james-anthony/,https://bosphilly.com/wp-content/uploads/2023/01/326001815_1324202388370278_7715627390907037542_n-768x768.jpg
DJ Hector Fonseca,https://bosphilly.com/dj/dj-hector-fonseca/,https://bosphilly.com/wp-content/uploads/2024/05/DJ-Hector-Fonseca_A_Photo-Courtesy-of-Armando-Imagines-768x508.webp
DJ TWiN,https://bosphilly.com/dj/dj-twin/,https://bosphilly.com/wp-content/uploads/2022/03/avatars-000711051949-5sp7ui-t500x5001.jpg
DJ Alex Acosta,https://bosphilly.com/dj/alex-acosta/,https://bosphilly.com/wp-content/uploads/2024/04/2022_alexacosta_03-768x1136.webp
DJ Nick Stracener,https://bosphilly.com/dj/dj-nick-stracener/,https://bosphilly.com/wp-content/uploads/2022/08/IMG_5807_JPG-1.jpg
DJ Abel Aguilera,https://bosphilly.com/dj/dj-abel-aguilera/,https://bosphilly.com/wp-content/uploads/2023/01/KLP_7356-scaled-1-768x1187.jpg
DJ J Warren,https://bosphilly.com/dj/dj-j-warren/,https://bosphilly.com/wp-content/uploads/2021/07/68993425_3029788813729259_9102532169909141504_n1-768x768.jpg
DJ Chris B,https://bosphilly.com/dj/chris-barns/,https://bosphilly.com/wp-content/uploads/2023/01/barne5.jpg
Las Bibas From Vizcaya,https://bosphilly.com/dj/las-bibas/,https://bosphilly.com/wp-content/uploads/2023/06/Las-Bibas-From-Vizcaya-768x768.jpg
DJ Alexis Tucci,https://bosphilly.com/dj/dj-alexis-tucci/,https://bosphilly.com/wp-content/uploads/2023/05/meta_eyJzcmNCdWNrZXQiOiJiemdsZmlsZXMifQ-768x768.webp
DJ Nina Flowers,https://bosphilly.com/dj/dj-nina-flowers/,https://bosphilly.com/wp-content/uploads/2021/12/10847795_885974651414659_2777129441554751207_n-768x512.jpg
DJ Brett Oosterhaus,https://bosphilly.com/dj/dj-brett-oosterhaus/,https://bosphilly.com/wp-content/uploads/2023/05/BrettGlasses2-768x726.png
DJ Mike Foch,https://bosphilly.com/dj/dj-mike-foch/,https://bosphilly.com/wp-content/uploads/2023/01/image11-768x1152.jpeg
DJ Jace M,https://bosphilly.com/dj/dj-jace-m/,https://bosphilly.com/wp-content/uploads/2023/05/avatars-zyRz75IDZwrMFVVW-7OTa3A-t500x500.jpg
DJ Sakalem,https://bosphilly.com/dj/sakalem/,https://bosphilly.com/wp-content/uploads/2024/04/217628608_1487828201556700_2757106022695052191_n-768x768.webp
DJ Chris Urban,https://bosphilly.com/dj/dj-chris-urban/,https://bosphilly.com/wp-content/uploads/2021/08/56686762_2276853145705769_5555415862367748096_n-768x768.jpg
DJ Joshua Ruiz,https://bosphilly.com/dj/dj-joshua-ruiz/,https://bosphilly.com/wp-content/uploads/2023/01/2-1.jpg
DJ K!RK,https://bosphilly.com/dj/dj-kirk/,https://bosphilly.com/wp-content/uploads/2021/03/kirk-768x467.jpg
Superstar DJ Cindel,https://bosphilly.com/dj/dj-cindel/,https://bosphilly.com/wp-content/uploads/2022/07/Cindel1-768x512.jpg
DJ Danny Kim,https://bosphilly.com/dj/dj-danny-kim/,https://bosphilly.com/wp-content/uploads/2024/04/242681458_921381332066933_8878088676790102372_n-768x569.webp
DJ Guy Scheiman,https://bosphilly.com/dj/guy-scheiman/,https://bosphilly.com/wp-content/uploads/2021/12/92A25681-768x614.jpg