Welcome to the Jungle,galleries/jungle2023,img/events/354469729_2020568871610961_7716554767228196644_n-768x960.webp
Miami Vice,galleries/miami-vice-2,img/events/361915673_1474708496619322_7800326743914844538_n-768x960.webp
Super Bros,galleries/super-bros,img/events/346101430_640522494114000_6401866762391250300_n-768x960.jpg
Candyland,galleries/candyland2023,img/events/IMG-1-768x512.jpg
Touchdown,galleries/touchdown,img/events/mccann76_a_group_of__handsome_muscular_body_builders_41de0278-c1e5-4c0d-9db8-170298ab52321-768x512.jpg
Cirque Du Circuit,galleries/cirque-du-sogay,img/events/301313180_543136780899668_6710907239204231705_n-768x768.jpg
SIR.,galleries/pre-outfest-party,img/events/300920055_785752409237953_3752854817553819110_n-768x960.jpg
Eden,galleries/return-to-eden,img/events/eden-768x549.jpg
Pride 2022 Festival,galleries/pride-2022-festival,img/events/block-768x512.jpg
Cyberpunk 2069,galleries/pride-concourse-party,img/events/cyberpunk-768x512.jpg
Big Pride Boat Party,galleries/pride-boat-party,img/events/boat-1-768x512.jpg
Ice Queen,galleries/ice-queen-2,img/events/thumbnail_ice-queen-flyer-cover-photo-768x436.jpg
EROTICA,galleries/erotica,img/events/241568674_902583224027911_8957780767394380774_n-768x402.jpg
PINKLUST,galleries/pinklust,img/events/https___cdn.evbuc_.com_images_155527989_69030302143_1_original1-768x384.jpg
Night Swim,galleries/pool-party,img/events/227058960_1022061918561384_29486814370172141_n-768x432.jpg
Pride Night,galleries/pride-night,img/events/thumbnail_Pride-Night-Concourse-768x432.jpg
Primal,galleries/primal,img/events/69406359_10157513848008524_303617358482636800_o1-768x432.jpg
Poolside Disco,galleries/poolside-disco,img/events/67433468_10157434367998524_9121601893422858240_o1-768x432.jpg
Fairydust,galleries/fairydust,img/events/59605999_10157220636373524_7608471282815860736_o1-768x432.jpg
STEAM'D,galleries/steamd,img/events/56410963_10157153549263524_2799502195119095808_o1-768x432.jpg
HRC After Dark,galleries/hrc-after-dark,img/events/52016064_10157040135668524_8282408989371662336_o1-768x432.jpg
LTHR,galleries/lthr,img/events/50248163_10156959342458524_6939748602860273664_o1-768x432.jpg
BOS VIP,galleries/bos-vip,img/events/1-6-768x510.jpg
Thriller,galleries/thriller,img/events/42918020_10156713956248524_5949112871324483584_o1-768x432.jpg
Goldlust,galleries/goldlust,img/events/42551557_2361290193911244_2168007454166614016_o1-768x432.jpg
FREAQ,galleries/freaq,img/events/37800365_10156548655803524_1533519374411890688_o1-768x432.jpg