Welcome to the Jungle,https://bosphilly.com/jungle2023/,https://bosphilly.com/wp-content/uploads/2023/06/354469729_2020568871610961_7716554767228196644_n-768x960.webp
Miami Vice,https://bosphilly.com/miami-vice-2/,https://bosphilly.com/wp-content/uploads/2023/06/361915673_1474708496619322_7800326743914844538_n-768x960.webp
Super Bros,https://bosphilly.com/super-bros/,https://bosphilly.com/wp-content/uploads/2023/05/346101430_640522494114000_6401866762391250300_n-768x960.jpg
Candyland,https://bosphilly.com/candyland2023/,https://bosphilly.com/wp-content/uploads/2023/06/IMG-1-768x512.jpg
Touchdown,https://bosphilly.com/touchdown/,https://bosphilly.com/wp-content/uploads/2022/12/mccann76_a_group_of__handsome_muscular_body_builders_41de0278-c1e5-4c0d-9db8-170298ab52321-768x512.jpg
Cirque Du Circuit,https://bosphilly.com/cirque-du-sogay/,https://bosphilly.com/wp-content/uploads/2022/09/301313180_543136780899668_6710907239204231705_n-768x768.jpg
SIR.,https://bosphilly.com/pre-outfest-party/,https://bosphilly.com/wp-content/uploads/2022/10/300920055_785752409237953_3752854817553819110_n-768x960.jpg
Eden,https://bosphilly.com/return-to-eden/,https://bosphilly.com/wp-content/uploads/2022/07/eden-768x549.jpg
Pride 2022 Festival,https://bosphilly.com/pride-2022-festival/,https://bosphilly.com/wp-content/uploads/2022/06/block-768x512.jpg
Cyberpunk 2069,https://bosphilly.com/pride-concourse-party/,https://bosphilly.com/wp-content/uploads/2022/06/cyberpunk-768x512.jpg
Big Pride Boat Party,https://bosphilly.com/pride-boat-party/,https://bosphilly.com/wp-content/uploads/2022/06/boat-1-768x512.jpg
Ice Queen,https://bosphilly.com/ice-queen-2/,https://bosphilly.com/wp-content/uploads/2022/02/thumbnail_ice-queen-flyer-cover-photo-768x436.jpg
EROTICA,https://bosphilly.com/erotica/,https://bosphilly.com/wp-content/uploads/2021/09/241568674_902583224027911_8957780767394380774_n-768x402.jpg
PINKLUST,https://bosphilly.com/pinklust/,https://bosphilly.com/wp-content/uploads/2021/09/https___cdn.evbuc_.com_images_155527989_69030302143_1_original1-768x384.jpg
Night Swim,https://bosphilly.com/pool-party/,https://bosphilly.com/wp-content/uploads/2021/08/227058960_1022061918561384_29486814370172141_n-768x432.jpg
Pride Night,https://bosphilly.com/pride-night/,https://bosphilly.com/wp-content/uploads/2021/05/thumbnail_Pride-Night-Concourse-768x432.jpg
Primal,https://bosphilly.com/primal/,https://bosphilly.com/wp-content/uploads/2019/10/69406359_10157513848008524_303617358482636800_o1-768x432.jpg
Poolside Disco,https://bosphilly.com/poolside-disco/,https://bosphilly.com/wp-content/uploads/2019/08/67433468_10157434367998524_9121601893422858240_o1-768x432.jpg
Fairydust,https://bosphilly.com/fairydust/,https://bosphilly.com/wp-content/uploads/2021/03/59605999_10157220636373524_7608471282815860736_o1-768x432.jpg
STEAM'D,https://bosphilly.com/steamd/,https://bosphilly.com/wp-content/uploads/2021/03/56410963_10157153549263524_2799502195119095808_o1-768x432.jpg
HRC After Dark,https://bosphilly.com/hrc-after-dark/,https://bosphilly.com/wp-content/uploads/2021/03/52016064_10157040135668524_8282408989371662336_o1-768x432.jpg
LTHR,https://bosphilly.com/lthr/,https://bosphilly.com/wp-content/uploads/2019/01/50248163_10156959342458524_6939748602860273664_o1-768x432.jpg
BOS VIP,https://bosphilly.com/bos-vip/,https://bosphilly.com/wp-content/uploads/2021/03/1-6-768x510.jpg
Thriller,https://bosphilly.com/thriller/,https://bosphilly.com/wp-content/uploads/2018/10/42918020_10156713956248524_5949112871324483584_o1-768x432.jpg
Goldlust,https://bosphilly.com/goldlust/,https://bosphilly.com/wp-content/uploads/2021/03/42551557_2361290193911244_2168007454166614016_o1-768x432.jpg
FREAQ,https://bosphilly.com/freaq/,https://bosphilly.com/wp-content/uploads/2018/08/37800365_10156548655803524_1533519374411890688_o1-768x432.jpg
